,CUSTOMER_ADDRESS_ID,PERCENT_OF_ORDER_ELIGIBLE,COST_SAVINGS_PERCENT,PRICE_SAVINGS_PERCENT,COMPARABLE_ACTUAL_TOTAL_COST_,PARENT_TOTAL_COST_,COMPARABLE_ACTUAL_TOTAL_PRICE_,PARENT_TOTAL_PRICE_
13846,d9f77aa817568089d59f28a0a4406ade,0.50,0.96,1.43,40.160000000000004,38.56,26.96,38.56
13847,77aa919f9ab32002bf6d19b4e2bcdf27,0.39,1.01,0.89,81.69,82.49000000000001,93.08999999999999,82.49000000000001
13848,f31ebb5d9a4eb503268dbb35f4ad18c5,0.17,0.94,1.12,30.35,28.65,25.65,28.65
13849,f75d727d94ab18325d5e2c8ddde9f165,0.16,1.24,1.05,15.16,18.759999999999998,17.86,18.759999999999998
13850,9d4dbe725c0dbc4dfc571eb4879a9ab1,1.00,0.96,0.88,56.66,54.160000000000004,61.260000000000005,54.160000000000004
13851,c2e607a7cf12b3aae5ac42e7a5a4ec71,0.32,0.94,0.79,85.72999999999999,80.96000000000001,101.9,80.96000000000001
13852,140dcf9896d299e160aaa15d964b6e46,0.23,0.98,1.09,35.96000000000001,35.190000000000005,32.260000000000005,35.190000000000005
13853,5fce292f40bd47234497c5ac373f7ba8,0.14,1.08,0.89,9.959999999999999,10.760000000000002,12.059999999999999,10.760000000000002
13854,6549f398974221022c22980c6a24c380,0.44,0.94,0.96,39.010000000000005,36.71,38.21,36.71
13855,88654de6af73975ba7ba866e56c7ede0,0.27,1.11,1.5899999999999999,19.54,21.740000000000002,13.64,21.740000000000002
13856,dfd5fea1013deaeb6ab6611279c41dd3,0.35,0.97,1.23,33.349999999999994,32.38,26.349999999999994,32.38
13857,9cb59f2ba5c09b38aa28230119e1de60,0.17,1.01,0.84,13.99,14.19,16.99,14.19
13858,d31a757acf5708dd22aecfbb6bd3be90,0.33,1.13,0.98,15.98,17.98,18.38,17.98
13859,e806b234418867a12bd8241d72d8691a,0.09,1.02,0.86,5.89,5.99,6.99,5.99
13860,f2e9211584ecfe6cf8cc171a5087a115,0.18,1.0,0.96,18.299999999999997,18.3,19.1,18.3
13861,1c63d30f44fa4494c627c4535823c2ae,0.20,0.99,0.99,15.25,15.149999999999999,15.350000000000001,15.149999999999999
13862,2ca50b5a90c84db9f9839c2e23328112,0.40,1.06,1.06,3.19,3.37,3.19,3.37
13863,ce10ed1bf827b5bfdfef67e94d40cb12,0.63,0.98,0.8,33.06,32.24,40.44,32.24
13864,d3649b56aa3f6e660c9d67a44e2fde81,0.20,1.05,0.89,7.98,8.38,9.38,8.38
13865,fcc9c932ae4cf43c444fdee1dcb70f80,0.37,0.98,0.79,95.8,93.9,118.9,93.9
13866,160b4b489fee2ab84b6278e242bf01b7,0.26,1.02,0.87,44.62,45.33,51.949999999999996,45.33
13867,fd5c3e06d582747025bf7c822816f253,0.32,0.98,1.04,38.23,37.53,36.21,37.53
13868,d6f1a316c6dbb5694fc0071f8b929469,0.17,1.07,0.9,33.57,35.97,39.87,35.97
13869,cfabc2c9174c2be6e1f51a646ac8ca3e,0.11,1.09,0.92,3.29,3.59,3.89,3.59
13870,803b5cb57fa0fbb6ee1ccee9658d7ece,0.33,0.96,1.1400000000000001,13.469999999999999,12.97,11.370000000000001,12.97
13871,9566eb4083b25db6744c5d60c1ee2054,0.17,0.94,0.75,4.79,4.48,5.9799999999999995,4.48
13873,0274304cb613162199e96efae180b293,0.34,0.99,1.04,121.46999999999998,120.46999999999998,116.28999999999999,120.46999999999998
13874,38bc03b7ce95ef4630bababa62ccdf91,0.33,1.02,0.9,18.35,18.65,20.650000000000002,18.65
13875,df21014166c62767529f5dde45edfff6,0.04,1.1,0.89,2.99,3.29,3.69,3.29
13878,c6a2a2a5ee196991efa0c1245a9f3bce,0.31,1.31,1.11,22.96,30.160000000000004,27.26,30.160000000000004
13879,d76474221a5c515a4ad95b5a497aa867,0.42,1.06,0.88,19.55,20.65,23.349999999999998,20.65
13880,5b739193ef55ecc9cb3d283ba3df37d5,0.33,1.02,1.02,26.85,27.35,26.85,27.35
13881,37a023d6b4ef435de03f87ff10b3949a,0.17,1.05,0.96,12.46,13.06,13.56,13.06
13882,acd1becde259e43df105975b8cc2393b,0.25,0.98,0.99,85.56,83.66,84.82000000000001,83.66
13883,ee719bd73d3db92eb6236d36815d436e,0.46,0.95,0.96,39.440000000000005,37.64,39.04,37.64
13884,eaeb4046645479423876e21bc78e344b,0.26,0.92,0.9299999999999999,32.730000000000004,30.230000000000004,32.53,30.230000000000004
13885,08301557cd0ec15eee6da4ae913e3d66,0.71,0.95,0.9299999999999999,33.35,31.750000000000004,34.050000000000004,31.750000000000004
13886,dc665858c24cac2c12bf19a7ecd5fa3e,0.11,1.17,1.02,42.53,49.72,48.72,49.72
13887,27533e5c12dfdc79e340dd17a8047453,0.31,0.96,0.79,17.97,17.26,21.96,17.26
13888,dae337205adeb3a1d2054722323eef7e,0.37,1.04,0.86,112.16999999999999,116.10999999999999,135.41,116.10999999999999
13889,d2e281e9f789585578db07f1bf7dc241,0.15,0.96,0.78,15.46,14.86,19.060000000000002,14.86
13890,bad7be994b8d29fa79108859932578e5,0.23,0.98,1.0,12.25,11.950000000000001,11.950000000000001,11.950000000000001
13891,ead43abd293234635403e1c6112ce991,0.25,0.94,0.78,5.28,4.98,6.38,4.98
13892,d06f7835a53a2fc4ba4d35ce48c179b3,0.43,1.0,1.1400000000000001,14.940000000000001,14.940000000000001,13.14,14.940000000000001
13893,6d3f10769ae35eb72bbae813476a4e57,0.18,0.95,1.05,50.2,47.7,45.50000000000001,47.7
13894,b26117cdd3f0a58b323eed8b8b7416cf,0.11,1.1400000000000001,0.92,6.29,7.18,7.78,7.18
13895,2d65f02f2963d39b874d8969bc48e418,0.52,1.03,1.01,56.93000000000001,58.53,58.07,58.53
13896,44b6457a0f73e8e18313696823a160f1,0.18,1.16,0.94,13.97,16.17,17.17,16.17
13897,1571d800c76d1fdcf0d1cbb9b339401d,0.22,1.09,0.89,42.72,46.46,52.06,46.46
13898,e63d97adde2bfbba822a034eba6f0d36,0.31,1.15,0.98,31.050000000000004,35.85,36.65,35.85
13899,503c076c029a21f96e5f4fca7d79b0d5,0.23,0.91,0.91,40.86,37.06,40.86,37.06
13900,ad67b78c6869e9171befbad0eee73309,0.16,1.02,0.88,26.26,26.89,30.529999999999998,26.89
13901,4c5717c93266f803d0b4694e401b473d,0.20,1.0,1.0,4.99,4.99,4.99,4.99
13902,ecba5a864a20928e5bc4b7e4905436d1,0.19,1.05,0.92,19.259999999999998,20.259999999999998,21.96,20.259999999999998
13903,6e552680e3b1a7ecefafee510764a616,0.59,1.05,1.27,99.14,103.94000000000001,81.89999999999999,103.94000000000001
13904,83495493a19f11c0b40c6e9064290def,0.50,1.19,1.02,56.21000000000001,66.81,65.71,66.81
13905,853f6ba7370311c02e1083df76adbcd7,0.20,1.24,1.04,6.78,8.38,8.08,8.38
13906,35e50cbbfed69967f3bd03b96a805666,0.25,0.98,0.83,9.98,9.78,11.78,9.78
13907,5724d0cb9a2be1b5142f85bced1cc6ca,0.08,1.05,1.05,17.52,18.32,17.52,18.32
13908,ead4aeec15dd46a41e3c0d4dd444f796,0.14,0.77,0.64,6.74,5.18,8.08,5.18
13909,a1f5d17132375b55f5ea87c58db0e81d,0.28,1.02,0.88,73.72,75.32000000000001,85.92000000000002,75.32000000000001
13910,05d801996c2c3ca503e076743ebe0589,0.39,1.06,0.91,56.7,59.83,65.63,59.83
13911,c48af6a761e5e878a050f5622888d198,0.25,0.98,0.98,23.07,22.57,23.07,22.57
13912,5d5abb54c34f99e003fe2b069ce5d080,0.25,1.07,0.86,12.43,13.350000000000001,15.55,13.350000000000001
13913,06c4e8f05e71a2f272a54e6e1d445436,0.27,1.05,0.9299999999999999,12.849999999999998,13.45,14.45,13.45
13914,932aa51fc776d155deca29389b1f2f31,0.50,0.95,0.85,18.020000000000003,17.13,20.05,17.13
13915,7bd2f2f39aa8a92064c6a29610c01227,0.12,0.97,0.87,13.97,13.57,15.57,13.57
13916,dbee73cae4aad821c11ecd9edb4f9611,0.23,1.05,1.19,35.38,37.08,31.2,37.08
13917,77185ca9d265423309791a7061ad5f1e,0.28,1.0,0.88,53.59,53.69,60.78999999999999,53.69
13918,51bbdc70880f6033354b17e70679b5a9,0.14,1.06,0.96,5.19,5.49,5.69,5.49
13919,c2043ae9d91d9f7a1fcc775f355a8be2,0.33,1.1,0.9299999999999999,21.32,23.39,25.189999999999998,23.39
13920,7a099f05325f5ad011bb4cb887674fec,0.31,0.96,0.83,104.13999999999999,100.03999999999999,119.94000000000001,100.03999999999999
13921,c97c7542e3b4b20160adf28a8740f084,0.24,0.98,0.84,36.92,36.32000000000001,43.21999999999999,36.32000000000001
13922,8865abd16a2fffeeabf938770a6cbad0,0.50,0.9299999999999999,0.78,28.07,26.07,33.269999999999996,26.07
13923,8f6fba521547ac19dca83fd08fd967d1,0.22,1.01,1.04,19.13,19.36,18.630000000000003,19.36
13924,4f04223f37056b87aefd437c856426a0,0.41,1.06,0.92,85.02,90.22,97.62,90.22
13925,b359d2709f9dc8bff67767d534119158,0.32,1.07,1.11,38.41,41.11,37.13,41.11
13926,03cf1b9ce0395a98c5cfd5a1a44605cc,0.27,1.2,1.0,36.42,43.68,43.78,43.68
13927,196305ac24118251437555f82c24daab,0.08,0.96,0.8200000000000001,6.99,6.69,8.19,6.69
13928,74341791ddc57a7a8ca3c8a5d7eeadfd,0.13,1.02,0.89,17.46,17.86,20.060000000000002,17.86
13930,c85caa9949b5c4310de9e66e6407d26f,1.00,1.01,1.01,17.16,17.36,17.16,17.36
13931,0b26da64008315ee0ccae327f1266461,0.21,0.99,0.99,49.629999999999995,49.03,49.43,49.03
13932,24be97b073fb9e5106169fee46e2cf96,0.20,1.1,0.9299999999999999,21.15,23.250000000000004,24.950000000000003,23.250000000000004
13933,cdf275d25879183d3fd9e0e4eddd8f71,0.50,1.38,1.15,3.99,5.49,4.79,5.49
13934,6d7d4f3ca946467662110ac81ce0fa18,0.30,1.15,1.02,10.97,12.670000000000002,12.370000000000001,12.670000000000002
13935,c2a4882ca149148baef0f4a5d622e9f3,0.36,0.97,1.0,21.86,21.260000000000005,21.160000000000004,21.260000000000005
13936,aa444db12c460576e1a53c286072d3fe,0.14,1.04,0.99,6.680000000000001,6.98,7.08,6.98
13937,47b5cc07918a3728f0a70dc69d24e5a3,0.13,0.95,0.95,11.58,10.98,11.58,10.98
13938,b52ffd6e2aaf0e42292c0bd4330c15de,0.24,0.94,0.94,21.17,19.92,21.16,19.92
13939,6b9b53230c4ebf8c387341171f6abb91,0.13,0.94,1.02,56.980000000000004,53.78,52.980000000000004,53.78
13940,260073fab2d313401bb6052743ba4049,0.17,0.96,0.81,13.69,13.19,16.19,13.19
13941,480b414358334694f08ddb00d2dd6438,0.17,1.0,1.0,2.98,2.98,2.98,2.98
13942,35b2816915831d68467437887d41f940,0.23,0.97,1.1400000000000001,69.69,67.79,59.69000000000001,67.79
13943,66a9d0c726c502bc6a501737762c96f5,0.29,0.89,0.97,7.880000000000001,6.9799999999999995,7.18,6.9799999999999995
13944,2aabfc9352a572a8a02a6b02295896f7,0.50,1.17,1.04,68.74000000000001,80.24,76.94,80.24
13945,3fde4f85406c8ff4228355438a811ebd,0.41,1.02,1.0,29.77,30.310000000000002,30.19,30.310000000000002
13946,5cc3aeac06712ec38405adb52e80a29e,0.36,1.01,0.89,43.95,44.25,49.65,44.25
13947,7417661cd8382b3ed9ff1ccd270181d0,0.50,0.95,0.8,20.38,19.380000000000003,24.18,19.380000000000003
13948,e1528eb5b768c738523be959fedbd9cd,0.38,1.01,0.87,83.78999999999999,84.64000000000001,96.83999999999999,84.64000000000001
13949,96fd838ed9656494af86eed81839274e,0.20,1.11,0.9,22.65,25.25,27.95,25.25
13950,699a60af87f92a1763f79859a6e60277,0.20,1.1,0.89,11.280000000000001,12.379999999999999,13.88,12.379999999999999
13951,0923a171eb797e2e51c01265065c1d28,0.38,1.0,0.85,54.0,53.800000000000004,63.60000000000001,53.800000000000004
13953,ab2fb479c46828ac8f979f2b6e4c5311,0.32,1.04,0.84,20.65,21.440000000000005,25.439999999999998,21.440000000000005
13954,a63e27eadf89c4955197e836f77ed399,0.26,1.05,0.87,80.42,84.07000000000001,97.07000000000001,84.07000000000001
13955,111a32ebde4c6f5b5165ed25bc63704a,0.14,0.8200000000000001,0.8200000000000001,29.99,24.49,29.99,24.49
13956,cde17a1629f1fd57ee138ade43d9ec9c,0.28,1.0,0.86,22.05,22.150000000000002,25.85,22.150000000000002
13957,68691f38f605456c6ee4bdca850dccf0,0.06,1.34,1.08,8.33,11.14,10.34,11.14
13959,de3285d9d8a825b476adc299fd079a48,0.75,1.03,1.09,61.74000000000001,63.58000000000001,58.31,63.58000000000001
13960,a14acbb0991ab69de8febea61b57c685,0.21,1.07,0.86,8.79,9.370000000000001,10.870000000000001,9.370000000000001
13961,194a3331ab2cf444a390f14d955b6956,0.26,0.95,0.99,77.95,73.85,74.33,73.85
13962,c1934d994ae4caad9693bd95e1ada143,0.24,1.05,0.92,12.36,12.96,14.059999999999999,12.96
13963,ee9396b0a1a8676391eba65db3a3e00c,0.21,1.0,1.05,54.760000000000005,54.96,52.410000000000004,54.96
13964,0747476a2df3361740b16f5287cc311c,0.27,0.88,0.75,14.18,12.540000000000001,16.64,12.540000000000001
13965,79162194d03bdc8f1a36a7a0f41ad2e0,0.21,1.1,0.9299999999999999,12.26,13.459999999999999,14.46,13.459999999999999
13966,70cc24e5ce63ea161a55741d3236e822,0.10,1.03,0.84,6.1899999999999995,6.380000000000001,7.58,6.380000000000001
13967,1b3fceb94569b96e6965bbc329192a53,0.44,0.96,0.8,59.43,57.13,71.43,57.13
13968,b20fda74ff35ff82f0d2682468a90d5d,0.42,1.05,1.27,109.75,115.46000000000001,91.11000000000001,115.46000000000001
13969,f7c8f43102d81099e7b24fd45251ebd6,0.22,0.97,1.1,68.88999999999999,66.94000000000001,61.06000000000002,66.94000000000001
13970,669a26149bf6265cf45e126fc0caf0ad,0.36,0.99,0.88,37.300000000000004,36.900000000000006,41.83,36.900000000000006
13972,68b59d7666199e7d7db7b16744b3c928,0.06,0.84,0.69,5.69,4.79,6.99,4.79
13973,57b4cfdafb94356f8b6da6209ed7a52b,0.50,1.0,0.8200000000000001,14.32,14.32,17.52,14.32
13974,a52c84d02bf06980963cdab0f8c0b6ad,0.29,0.94,0.99,7.78,7.28,7.38,7.28
13975,4725fb2794ecba1f01f4298d881f8fdb,0.23,1.01,0.81,6.98,7.07,8.77,7.07
13977,7004b7056b1fc13b788758864f8349e6,0.23,0.99,0.95,29.830000000000002,29.630000000000003,31.130000000000003,29.630000000000003
13979,dc8889553a9693f01c9b150483cd9c5b,0.05,0.91,0.77,10.98,9.98,12.98,9.98
13980,d38b9ab03b07d58401528c087272f7db,0.36,1.02,0.87,84.0,85.7,98.19999999999999,85.7
13981,758dcfed55387180f28504c6db919cbd,0.25,0.87,0.7,8.98,7.78,11.18,7.78
13982,c2e8dfd7f31ce726e582b5648386acf1,0.50,0.97,0.81,59.96,57.96,71.46000000000001,57.96
13984,7bca27715ec5c6ea60a34018d60fa055,0.33,0.99,0.9,43.62,43.120000000000005,48.120000000000005,43.120000000000005
13985,dd0d84d137983c860cf24099dbfe80e3,0.25,0.97,1.22,43.97,42.77,34.93,42.77
13986,18fe7f16029ed126b67d8132c2e4df7b,0.33,1.0,1.0,15.719999999999999,15.66,15.719999999999999,15.66
13987,77e14ed32159fc9efd67f93aa4ef5f7b,0.42,0.99,0.94,18.95,18.75,19.85,18.75
13989,b35cbe566d320362de613cce273a13c9,0.22,0.97,0.85,22.57,21.97,25.87,21.97
13990,784c2c370c35ba32c43dd827ae5d20e6,0.75,0.97,0.97,23.67,22.97,23.570000000000004,22.97
13991,5fcf49a82365d951ac42a8e8eb158361,0.33,1.03,1.07,41.76,42.86,40.24,42.86
13993,0833e21544ffb1ac3db8f296d4e8b67c,0.23,1.0,0.84,24.44,24.439999999999998,28.939999999999998,24.439999999999998
13994,6bbce60fadc708862e33df17c029969a,0.63,1.03,0.95,26.24,27.14,28.44,27.14
13995,93c67914b459420afa1ee3ac523578a4,0.40,0.91,0.75,21.67,19.67,26.27,19.67
13996,3997fc47f02832622bc3fb0fd3e9812e,0.22,0.85,0.74,91.94,77.94,105.74,77.94
13997,5c000c0f553a02a83ec60bed461792f4,0.23,1.02,1.03,45.72,46.72,45.19,46.72
13998,f3a536f69e3b203e69b6a9883aea558d,0.22,1.03,0.92,11.870000000000001,12.17,13.270000000000001,12.17
13999,7ac4040bf208f48e6ab42ce548fd6a34,0.27,1.0,1.05,42.1,42.0,40.0,42.0
14000,0baabc140356409149c30491b49373c1,0.08,1.07,0.9,7.29,7.79,8.69,7.79
14001,78c9174063e437ab3b6eb8fd2c3f2083,0.46,0.98,1.05,13.04,12.840000000000002,12.25,12.840000000000002
14002,63c6cbeefbb9f16ca9790c75674dc614,0.18,0.97,0.83,10.49,10.17,12.27,10.17
14004,0bb8429234300f6390e00e109912f159,0.31,1.04,0.91,22.950000000000003,23.85,26.35,23.85
14005,959772448e86b49b47bfc88a49c0bc67,0.43,0.98,1.05,204.81000000000003,200.85,191.74,200.85
14006,5da7920b7a32b649aa6b911289edd5a4,0.18,0.98,1.15,32.4,31.700000000000003,27.6,31.700000000000003
14007,cb1b05b8ad7f2163959523e86f501bfe,0.05,1.31,1.09,17.34,22.740000000000002,20.94,22.740000000000002
14008,528290aa8e28b4ec419a6acec0c80aed,0.27,0.95,1.07,16.07,15.27,14.27,15.27
14009,ac016f1d98398f4c525a81c35f08e554,0.29,1.12,1.12,11.58,12.98,11.58,12.98
14010,b08819f554b293d1d2d790ec61639201,0.48,0.9,1.15,69.33,62.42999999999999,54.33,62.42999999999999
14012,bb906252d00db8554abfbf23723ff267,0.35,1.02,0.88,70.49000000000001,71.59,81.59,71.59
14013,a2c944f02144d18ada5baeeca84dbbb2,0.14,1.01,0.88,6.98,7.08,8.08,7.08
14014,01a163d75ecd5caa915ce7d855357afe,0.14,0.88,0.99,30.11,26.61,26.759999999999998,26.61
14015,8b65329a236baca3b67ca40784c16bb9,0.38,0.95,0.95,35.52,33.6,35.52,33.6
14016,ee69684cfd41b8f4d6d708b17477fe01,0.27,1.21,0.97,11.66,14.059999999999999,14.46,14.059999999999999
14017,0274304cb613162199e96efae180b293,0.19,1.07,1.12,23.86,25.560000000000002,22.86,25.560000000000002
14018,54aab32800b99a8bba304fcf98074915,0.17,1.2,0.99,12.58,15.05,15.15,15.05
14019,cf71ffb35357a579b1cd8f204f13b2ee,0.37,1.05,1.11,88.15,92.28000000000002,83.06,92.28000000000002
14020,cf5af8608f5e5431c3beb3c017e72b2f,0.55,0.89,1.0,55.38,49.440000000000005,49.480000000000004,49.440000000000005
14021,36ecad52a42ea06118d3d25d42e42767,0.32,1.02,1.02,59.83,61.029999999999994,59.83,61.029999999999994
14022,8480a3d096d940e1f315b98aa1913180,0.31,1.0,1.01,50.290000000000006,50.09,49.790000000000006,50.09
14023,6397151a2f0fb90d077302042acaed82,0.50,1.01,1.04,48.5,48.900000000000006,46.800000000000004,48.900000000000006
14024,6d7a44580568efd2366dc9ecc2b71c13,0.35,1.04,0.91,34.17,35.67,39.07,35.67
14025,bed8fd52aae77e4d25226006e13123dd,0.15,1.07,0.9,8.68,9.270000000000001,10.27,9.270000000000001
14026,a84d1e4d98c80c5a035ca1aa476909c5,0.31,1.0,1.03,38.580000000000005,38.480000000000004,37.28,38.480000000000004
14027,0516e1e46e524a63687e0f14bff0a8d1,0.20,1.12,0.92,23.590000000000003,26.520000000000003,28.82,26.520000000000003
14028,6d0b6422132f0889618551a42c6cc348,0.33,0.97,0.89,13.18,12.78,14.38,12.78
14029,8f6ba74f1b21401f1d11b229b99829a1,0.32,0.96,1.1400000000000001,41.010000000000005,39.51,34.580000000000005,39.51
14030,f89c1a72d8d03b2a7364ccafac2072ee,0.25,1.04,0.89,20.77,21.57,24.12,21.57
14031,c2fa59fb6f05a267ca68c73242e6ab51,0.83,1.0,1.03,108.85,108.35,105.35,108.35
14032,d6f6a090aec6b7050feb161e8859cb93,0.20,1.07,0.95,21.520000000000003,23.12,24.22,23.12
14033,a1c6869b3c3cd9dec558a83dcefaa17c,0.47,0.98,1.08,52.81,51.81000000000001,48.11,51.81000000000001
14034,090852da0b11bddd91bf773d186f3225,0.27,0.98,1.05,44.71,43.91000000000001,42.01,43.91000000000001
14035,160b4b489fee2ab84b6278e242bf01b7,0.25,1.06,0.97,5.66,5.98,6.180000000000001,5.98
14036,d92c732959d442864bc5bc92d593941f,0.17,0.96,1.02,20.67,19.869999999999997,19.45,19.869999999999997
14037,4889efc22cf9cb29f15ed7d10769e2ef,0.13,1.09,0.94,11.26,12.26,13.06,12.26
14038,e22f6630c1e296301bf5ae3a8c260af9,0.17,0.87,1.38,4.59,3.99,2.89,3.99
14039,2d90835d29ff717b576623ffdc11664c,0.15,1.0,0.85,31.25,31.22,36.82,31.22
14040,61e0811649fcfc7819fdadde7f98bc05,0.36,1.02,0.85,17.009999999999998,17.330000000000002,20.43,17.330000000000002
14041,b2fe3ccd4e1f788e644e4fcf95930716,0.31,0.98,1.02,20.34,19.94,19.64,19.94
14042,682fa2d9143c88b637402b42b367817a,0.50,0.99,1.01,17.66,17.46,17.32,17.46
14043,24e0198c8db69a01e5c19ffe68a43ce0,0.15,1.12,0.96,13.770000000000001,15.47,16.17,15.47
14044,984341e42283af99751a2538bcd16726,0.53,0.94,0.94,45.49999999999999,42.66,45.599999999999994,42.66
14046,fb43cb365b30d49db3ba06987fb9bc7a,0.17,0.95,1.09,23.35,22.15,20.35,22.15
14047,3bae4c5db554dd9dbe62ed159b9b87be,0.20,1.02,1.02,22.77,23.169999999999998,22.77,23.169999999999998
14048,56dee534e582b7287796575b95beada1,0.08,1.16,1.12,4.98,5.78,5.18,5.78
14050,cab9739b1d741704e5634ed4e303e713,0.08,0.94,0.94,4.79,4.49,4.79,4.49
14051,5fbba5d139751bf9afe4f57ae85701eb,0.27,1.09,1.45,19.46,21.26,14.66,21.26
14052,4f42feb3638b1d1b8a1d3b5188e49fd2,0.36,1.12,0.91,43.50000000000001,48.78,53.38,48.78
14053,2b4a3015275c28ca385d0131cba8c84a,0.34,1.04,1.0,42.84,44.34,44.44,44.34
14054,112c945b072a1bf3bf73b13882a385cf,0.40,0.98,1.12,22.25,21.849999999999998,19.55,21.849999999999998
14055,2ce2ca6bebfe502c82fa3a1f2459fd4d,0.31,1.1,1.3599999999999999,24.840000000000003,27.44,20.14,27.44
14056,31a93f950a3ca743f179e2e76af000de,0.23,0.96,0.8,10.23,9.77,12.17,9.77
14057,bfd4dcbaf9e94eb3381a0826f76f8642,0.21,1.0,1.35,71.69,71.49000000000001,52.89,71.49000000000001
14060,c82e630754dbe641a7dae57b387163fb,0.50,0.95,1.03,63.129999999999995,60.03,58.129999999999995,60.03
14061,2089a169c5f6cec94ab2f0cf7b960d81,0.29,0.98,1.04,76.92999999999999,75.23,72.13,75.23
14062,7b3a8abb979b8952018926223e20b880,0.11,1.12,0.95,15.16,16.96,17.759999999999998,16.96
14065,10c7700743ccade70edd35046621f1d3,0.23,0.98,1.24,27.92,27.32,22.069999999999997,27.32
14066,736fc2d18c8e408409e31a64f5ed1c2c,0.14,0.88,0.84,4.19,3.69,4.39,3.69
14067,73310ffc53f44b639603a4ec7782f7ef,0.37,0.96,0.81,54.13,52.230000000000004,64.53,52.230000000000004
14069,d278648c4e3ba38e133b648a1142450b,0.32,0.96,0.84,62.05,59.65,71.25,59.65
14070,e5391bae7b60a724a0f0e00efcd5a54b,0.31,0.97,1.03,41.51,40.34,39.01,40.34
14072,ab44fc88b48f8440fda2e16ec444b413,0.27,0.94,1.06,54.400000000000006,51.099999999999994,48.400000000000006,51.099999999999994
14073,828419edf99e7c2c04ff0444aa5cc463,0.38,0.97,1.08,81.85000000000001,79.75,73.65,79.75
14074,18318b2aeb9e0153b9f50d8ce8776bb4,0.44,1.1,0.94,45.45,50.05,53.45,50.05
14075,841439c8e2061614192bb8daf8ea9c85,0.10,1.11,1.1400000000000001,8.08,8.98,7.89,8.98
14076,724f103f4923aeb74db168de6c5dd540,0.12,1.03,0.86,22.97,23.750000000000004,27.65,23.750000000000004
14077,833d2a07d0e4886417ab1e93d7f4a89c,0.42,1.13,0.99,97.94,110.64,111.73,110.64
14078,d96e27f3b7f348640ddfb2e772926574,0.39,0.95,1.09,102.22999999999999,97.31,89.33000000000001,97.31
14079,29b9a0320c243c15bfdef81669862d41,0.40,1.0,0.81,15.670000000000002,15.660000000000002,19.26,15.660000000000002
14080,6f99b2c2ed78cfe2c3ab2110eb87da0f,0.36,1.0,0.86,18.15,18.15,21.150000000000002,18.15
14081,b2e00111693d116466d826535cc00d69,0.32,0.98,0.81,42.05,41.39,51.39,41.39
14082,1abbb4cf73b5dcb0a075ccedf0638263,0.58,1.15,1.0,56.37,65.07,65.17,65.07
14083,05d51ee25eb9b5924952153038b11fec,0.09,1.07,0.9299999999999999,9.98,10.68,11.48,10.68
14084,4c5c1800760e0c8afaac9cf5565f0324,0.10,0.78,1.01,39.47,30.67,30.47,30.67
14085,37a9e50969737d8398f3fee65bcaf8dc,0.14,1.07,0.89,15.270000000000001,16.37,18.47,16.37
14086,00801e41c38f8f41e989da3a37babf32,0.42,1.07,0.91,31.550000000000004,33.85,37.15,33.85
14087,f98bec6ea6ffee24b3b29e016a64095c,0.28,1.08,0.97,52.150000000000006,56.35000000000001,58.349999999999994,56.35000000000001
14088,e04376c0d1f6cdeac0827309116adb1e,0.13,0.99,1.26,13.77,13.57,10.77,13.57
14089,3a16ae88bfd5b72163c119ff9850c9b7,0.21,1.01,1.17,14.46,14.66,12.56,14.66
14090,fe42c7991bd4972e8fafd12806942a96,0.40,0.98,1.13,24.84,24.34,21.540000000000003,24.34
14091,d9bcda0fb077dd4f923052ce912d25bb,0.43,1.06,0.87,79.87,84.58000000000001,97.08000000000001,84.58000000000001
14092,872104343b0a4c0160821641404c0561,0.32,0.96,1.23,24.630000000000003,23.729999999999997,19.23,23.729999999999997
14093,5fe78bdded710e63acfa10ee0d7b4dd9,0.24,1.1,0.88,34.21,37.5,42.400000000000006,37.5
14094,fb54bed2a0cb17887efac3858f1a3846,0.31,0.99,0.91,31.54,31.140000000000004,34.14,31.140000000000004
14096,1b852ff36f8451ff04f54c9982875ff8,0.38,1.21,1.05,59.6,72.22,68.72,72.22
14097,98b018715f2031b9577413aedaa8d679,0.06,0.8,0.6799999999999999,4.99,3.99,5.89,3.99
14098,12d8790d8731259f945221efa4c7a0f7,0.26,1.05,1.15,36.11,37.91,32.910000000000004,37.91
14099,5dce69226a395bd2bda467591139b52d,0.10,1.05,0.86,3.99,4.19,4.89,4.19
14100,31a382a34e75b5f4431ab20036d7f0a8,0.29,0.99,0.85,73.55,73.15000000000002,86.55,73.15000000000002
14101,a02be40b8c79fbe4af5654d3d3dfd190,0.58,0.98,1.07,106.42,104.82,98.35000000000001,104.82
14102,9531fe84411bbd4ef7e718f7e1730ad9,0.44,1.0,1.03,36.99,37.09,35.99,37.09
14103,389b3e67cb1a5d3a9a2d84c9a45a5cca,0.20,1.09,0.9,17.77,19.439999999999998,21.54,19.439999999999998
14106,b0104146dfb2c3189f6445a0b608377e,0.14,1.19,0.97,12.030000000000001,14.350000000000001,14.75,14.350000000000001
14107,dcd61af419bd22b8dc3071056365cb18,0.18,0.9299999999999999,0.78,34.940000000000005,32.44,41.339999999999996,32.44
14108,fd944faac87b7d38df9f967837318451,0.21,0.9299999999999999,1.31,17.97,16.669999999999998,12.770000000000001,16.669999999999998
14109,d86e7ca91643d7117cfd3b0bd608cd71,0.33,1.03,0.89,18.31,18.95,21.25,18.95
14110,1862fe9f4e97c8d58f64288cb724fd6a,0.30,0.97,1.01,40.60000000000001,39.3,38.730000000000004,39.3
14111,d8dc04815a8b17f87eadde15c5da5770,0.27,0.97,0.98,17.16,16.560000000000002,16.86,16.560000000000002
14112,2dbba06f0cfc82d8743486f2e260dba9,0.26,1.04,0.89,28.400000000000006,29.61,33.31,29.61
14113,acc2c403ec2d69485f9f637bbcd8dba6,0.17,1.26,1.52,73.41,92.41,60.970000000000006,92.41
14114,3160cc61fb54feaf20e634dbfaf9a3f5,0.41,1.03,1.15,34.11,35.21,30.63,35.21
14115,9931bde5302187fed687380150fe3e40,0.47,0.97,1.06,122.68,118.97999999999999,112.2,118.97999999999999
14116,5c08663da54e67caa70e927feca4862e,0.33,0.97,0.89,14.28,13.88,15.68,13.88
14117,ed67359cb3a8c05fc249331dd7c5064e,0.22,0.94,0.94,20.28,18.98,20.28,18.98
14118,ff0e242eaf633eb331cda80bef0be8ef,0.20,0.98,0.98,28.04,27.44,28.04,27.44
14119,03ba0ab8e7f96fe78d20ec3f8f102db7,0.50,0.81,0.92,48.97,39.56999999999999,42.97,39.56999999999999
14121,427ba7b758e25df43e01c2021c1566e2,0.23,0.99,1.03,64.77000000000001,64.07000000000001,62.470000000000006,64.07000000000001
14123,43d237d1319543ec728d2f48251584ff,0.25,0.98,1.34,9.58,9.38,7.0,9.38
14124,9a3f38cba45eb432b26745d6cc50eb9d,0.33,1.07,0.88,45.269999999999996,48.33,54.92999999999999,48.33
14125,074cb8ca56a4858e4c159956c2f68963,0.21,1.13,0.97,17.33,19.630000000000003,20.23,19.630000000000003
14126,3e8e4e94ae2dd7ae1c6bf633de3a905a,0.10,1.02,1.07,4.69,4.79,4.49,4.79
14127,3a44bdce34c597f7e22ed9d4b9560705,0.63,1.12,0.9299999999999999,30.96,34.650000000000006,37.45,34.650000000000006
14128,3d2a059a4bd1a1d26fdd051171a035d7,0.20,0.91,1.08,10.57,9.57,8.870000000000001,9.57
14129,85ef2b616a1b24bdb00f02e0a228c6b0,0.16,0.99,0.99,19.46,19.26,19.46,19.26
14130,bb133362bdd103fc7d60fc482eff6137,0.38,0.98,0.85,43.86,43.160000000000004,50.56,43.160000000000004
14131,cb2a3584c7759b2c34bf367337f6e78d,0.18,1.18,0.96,12.48,14.68,15.280000000000001,14.68
14132,b26ffbb77d2d5a100d76a50ce3f824d4,0.30,0.94,0.8,36.04,33.74,42.14,33.74
14133,9a7a123fffcff9ba467469a4c8521af0,0.27,1.0,1.03,20.060000000000002,20.159999999999997,19.57,20.159999999999997
14134,e001fa4c848469a8daf4b6623daf5708,0.10,0.88,1.54,32.06,28.36,18.46,28.36
14135,323d229af6b4f7aa7213b16d5a05a1dc,0.42,0.96,0.83,29.709999999999997,28.51,34.21,28.51
14136,ba890efe42834e20abd1e918431ddf0d,0.22,0.95,0.8200000000000001,7.369999999999999,6.970000000000001,8.47,6.970000000000001
14137,c326c19d515a74943e036bfbc63b2531,0.24,1.15,0.94,39.46,45.2,47.9,45.2
14138,e700362a6adabdd30759ae7075b5d04f,0.33,1.03,0.86,57.42000000000001,59.120000000000005,68.62,59.120000000000005
14139,042725c61cf1a2c9c441fe5b1ef58d95,0.17,0.9299999999999999,0.9299999999999999,33.26,30.98,33.26,30.98
14140,03337d78bff369eb68516f707e59d7d6,0.29,1.03,0.86,6.58,6.78,7.88,6.78
14141,92040e3836b8250e15e8aa495430c633,0.29,1.02,0.88,13.65,13.950000000000001,15.850000000000001,13.950000000000001
14142,22ca02d2abd006776163b2ab016aa661,0.17,0.96,1.2,56.190000000000005,53.69000000000001,44.71,53.69000000000001
14143,fd7b60dd55b38168fff6c787824a9c27,0.14,1.1,1.0,4.09,4.49,4.49,4.49
14144,ad1bc59539da9ae721a47350323911e7,0.14,1.03,1.21,30.97,31.770000000000003,26.17,31.770000000000003
14145,8e99d28212b22e753cf1029d4a206f74,0.40,1.12,0.96,23.48,26.380000000000003,27.52,26.380000000000003
14146,4ff4fd31196d33d8c03181365ce8bc9f,0.24,0.97,0.85,22.11,21.409999999999997,25.21,21.409999999999997
14147,7859f3094113f3bfd7a028d13659a27e,0.27,0.86,0.74,128.88,110.68,148.58,110.68
14148,dd6962784c5690771d88be5c02834873,0.17,0.96,0.8200000000000001,17.97,17.270000000000003,20.97,17.270000000000003
14149,f6879c1a0061c9acf9f6e4abfb3d14a4,0.43,1.09,0.92,22.310000000000002,24.310000000000002,26.509999999999998,24.310000000000002
14150,913a3f681a6dc3ad9687454afa6a3cfe,0.20,1.1,0.92,3.09,3.39,3.69,3.39
14151,ff3a73b6a5809cdacf21209aa1364407,0.28,0.97,0.94,25.75,25.05,26.55,25.05
14153,51bbc2043862ba6579880006e4ba6bb8,0.24,1.05,0.86,36.06,37.8,43.8,37.8
14154,5dccc83393f80977aa0e65908169aaa7,0.14,1.03,0.89,47.67999999999999,49.169999999999995,55.27,49.169999999999995
14155,1cc1b080bf280c0ecc710b56feaa444c,0.14,0.92,1.13,14.56,13.46,11.860000000000001,13.46
14156,40eaa89038f1e6179275cc8735b3f1e0,0.13,0.98,1.07,11.870000000000001,11.670000000000002,10.870000000000001,11.670000000000002
14157,26d3be14f054d5f2645281079e76f72b,0.33,1.02,1.07,58.29,59.28999999999999,55.25,59.28999999999999
14158,24f2573e0dcb4250dd6370cbab9a7538,0.05,1.0,0.81,9.99,9.99,12.29,9.99
14159,a7fcb341bc4189729d346a2ce2f61be8,0.09,0.91,0.91,10.25,9.280000000000001,10.25,9.280000000000001
14160,a1f93a1aeb02759147d69276c70217db,0.19,1.1,0.98,15.450000000000001,17.05,17.45,17.05
14161,9f3cf0998cb5c93d9791f57bfbe1b864,0.15,0.99,0.87,32.63,32.43,37.13,32.43
14162,913054f99489884bb144750ff5988cce,0.28,0.98,1.02,44.68000000000001,43.88,42.81,43.88
14163,df43f35bd18bcdce2e8482bb5e951f21,0.20,0.92,1.1,9.780000000000001,8.98,8.18,8.98
14164,3665fcd95a62a302153593f8e850e3f1,0.23,1.08,0.88,25.79,27.900000000000002,31.6,27.900000000000002
14165,527a7318b1bea961a287a86bcace5316,0.38,1.09,0.94,12.559999999999999,13.66,14.46,13.66
14166,e868057f23c0efa014d82b53f34bd2f9,0.36,0.91,0.89,112.73,102.81,114.97999999999999,102.81
14168,d056b6c3440977cc447a3897492aee71,0.35,0.97,0.97,31.939999999999998,31.14,31.939999999999998,31.14
14169,8042aae94cb1648994f04042c355a86d,1.00,0.9,0.9,10.99,9.89,10.99,9.89
14172,8aae98bd1fefb739f5387bed4a60d0ba,0.15,0.9299999999999999,0.9299999999999999,5.58,5.18,5.58,5.18
14173,02447c794a150860633b31eb89a2c6c5,0.12,1.15,0.98,21.14,24.24,24.740000000000002,24.24
14175,669a26149bf6265cf45e126fc0caf0ad,0.50,0.83,0.69,6.880000000000001,5.68,8.280000000000001,5.68
14176,982ec6109f43a24c149e48f332f386ed,0.33,1.02,0.96,16.259999999999998,16.66,17.36,16.66
14177,ce425288910925fb8137e15dbda265e4,0.23,1.06,0.9,79.04999999999998,83.55000000000001,92.9,83.55000000000001
14178,e40ad990c5cd8bf08a47872d9f23afc4,0.55,0.94,0.83,38.81999999999999,36.32,44.019999999999996,36.32
14179,9b3ad6139533ef76fcaf231117260139,0.67,0.94,1.55,65.94,61.94,39.94,61.94
14180,600dc7c660373c92ea98aab3b5a70192,0.29,1.06,0.87,37.95,40.31,46.41,40.31
14181,a581012b0324977766f9b109106a7390,0.23,0.95,0.77,32.31,30.71,39.81,30.71
14182,91ae88a40309ce2cb7bc4b66c904c742,0.22,0.98,1.0,56.26,55.26,55.06,55.26
14183,026c7bb1aca3b84fca4833a8a761ace5,0.38,0.98,0.8200000000000001,70.91,69.77,84.76999999999998,69.77
14184,677398956a1c68c1faf31639a801d1b4,0.08,0.91,0.83,4.38,3.98,4.78,3.98
14185,bc578a429dd0c599b9ff3cc4c30f4b9d,0.27,1.01,0.87,27.47,27.870000000000005,31.87,27.870000000000005
14186,e11feb045c79e07f49b1699afa0b54ce,0.25,0.98,0.9,24.47,23.87,26.57,23.87
14187,96eb989841ec649446c279a91d84eda3,0.47,0.94,1.06,40.0,37.5,35.4,37.5
14188,7f3b011630a934b8ab5d557338a6bc86,0.20,1.05,0.89,15.47,16.25,18.25,16.25
14189,f8607db83e045ae8d23f12c6a33deace,0.62,0.99,0.84,79.47999999999999,78.97999999999999,93.48,78.97999999999999
14190,cc0cbdcae35209e8b2fd826f472d0bbe,0.19,0.96,1.02,16.45,15.85,15.55,15.85
14191,02f8533ed2ea91f07ba74febf7eb01b4,0.23,0.98,1.04,26.040000000000003,25.64,24.740000000000006,25.64
14193,4aa7f1fbfb1cfef58dc388ec848e27ee,0.25,1.08,0.9299999999999999,2.49,2.69,2.89,2.69
14194,c1fdbfad6e4ed96d1f2f7c3b6bae3186,0.20,0.9299999999999999,0.8,28.97,26.97,33.72,26.97
14195,be3b4b380efcf94273a2519368add11d,0.21,1.06,1.17,36.52,38.62,32.92,38.62
14196,19ab87925826ef9626677b40e281e310,0.09,0.95,0.81,12.59,11.99,14.89,11.99
14197,2873cece2b08f2e6808be0a594c5a53c,0.40,1.01,0.87,27.509999999999998,27.729999999999997,31.81,27.729999999999997
14198,c697e711cc962aa33c30de7170f1aa14,0.63,1.01,0.95,32.94,33.24,35.14,33.24
14200,a8bdecf6f528a0ca8195c692c8556591,0.19,0.97,1.05,27.42,26.62,25.34,26.62
14201,4c52eb0d48f93666465412de7494aab8,0.17,1.08,0.91,17.97,19.37,21.369999999999997,19.37
14202,7659af93a5c67b034ce17a094d29d559,0.56,0.94,1.02,39.940000000000005,37.64,36.96,37.64
14203,2fe59e81d282d6aae1e49a5a4d259543,0.18,1.06,0.91,9.08,9.58,10.48,9.58
14204,64aeeee16af8783cf05e8d9ea320f341,0.33,0.99,1.32,22.730000000000004,22.53,17.03,22.53
14205,7abae68f3218f594c9651f3c44b06296,0.35,1.01,1.09,47.11000000000001,47.61,43.77,47.61
14206,5dc72831965707e01f35561d15a7ad6c,0.40,1.03,0.88,32.22,33.080000000000005,37.42,33.080000000000005
14207,4791f755dbb199334fc85bc9d9ee23ec,0.10,1.04,1.22,14.560000000000002,15.16,12.46,15.16
14208,c28c36e8ced7ec2086e41f2ccf68c5db,0.29,0.94,0.79,15.96,15.06,18.96,15.06
14209,dd9f113701c7494db4b83965947ba7a4,0.60,0.99,0.86,20.560000000000002,20.36,23.56,20.36
14210,ad8f32802e82f147ff13e0af795c20f5,0.53,0.97,1.03,69.9,67.5,65.22,67.5
14211,2ec64723426e36343d7a068b42c708e6,0.48,0.94,0.97,44.760000000000005,41.96,43.279999999999994,41.96
14212,0a121e5b84a6975a4767bd20cd0cf39d,0.29,1.01,0.99,45.96,46.43000000000001,46.76,46.43000000000001
14213,81b32de2e5f5d206c4434830051c7003,0.40,0.74,0.9299999999999999,57.230000000000004,42.33,45.63,42.33
14214,026b6105a62d15ee4ab94e1b0feeef6a,0.43,0.72,0.99,71.96,51.86,52.46,51.86
14215,8bbd0e6e3d9c327b74140004bb82cd30,0.21,1.09,0.91,30.22,32.85,36.25,32.85
14216,d937526c4d68d675af7b0a8a2d29d427,0.18,0.89,0.99,11.77,10.47,10.57,10.47
14218,3a5615c07440bf21e00dfb76bb3a6934,0.33,0.94,0.98,18.16,17.16,17.46,17.16
14219,8a3ce6b175d29adcec980424d4af4a1d,0.09,1.0,1.0,39.99,39.99,39.99,39.99
14220,07f94fb63d322b4ffd966b379641f853,0.17,0.99,0.85,12.07,11.97,14.07,11.97
14221,131d41b3195e5eb6dbcae69477c42cec,0.31,1.07,0.91,34.03,36.510000000000005,40.11,36.510000000000005
14222,6981979d96011e4666bcbd64b4f4796d,0.44,0.96,0.81,70.25999999999999,67.53999999999999,83.74000000000001,67.53999999999999
14223,a8010a51d7bf4c214fa2ddd1169a4155,0.11,1.01,1.01,7.38,7.48,7.38,7.48
14225,d1abbbd0375d453faf8a135f3885b3b4,0.17,1.05,0.91,5.49,5.79,6.39,5.79
14226,a880a3110fa0196b0870b4b09fc3bca9,0.50,1.01,0.84,39.75000000000001,40.14,47.54,40.14
14227,cffb38ac8d4317290618d8fed3010cd8,0.23,0.94,1.06,17.150000000000002,16.05,15.150000000000002,16.05
14228,e6fe779a1710d3e36b022576fd29d20a,0.25,0.96,0.84,42.809999999999995,41.21,49.21,41.21
14229,7c8e20c9b6c317dd4146ca5b79d1ef3b,0.17,0.91,0.76,19.48,17.67,23.17,17.67
14230,844382f4eb87575630c8956a0664269c,0.26,0.97,1.01,111.82,108.59000000000002,107.80999999999999,108.59000000000002
14231,6addb1cacd697be8cd141917fa03b23c,0.16,1.03,0.99,25.24,26.040000000000003,26.340000000000003,26.040000000000003
14233,b87d76be9137d4437e9507e2f1b2cce9,0.33,0.97,1.1400000000000001,53.150000000000006,51.35,44.89,51.35
14234,542dbb58a012cf6dac5e13718dfdd0b9,0.11,0.69,0.56,9.99,6.89,12.29,6.89
14235,8ed1310155161f9761be0963787a2aa8,0.09,0.7,0.5900000000000001,14.29,9.99,16.89,9.99
14236,1bf330616525e564b738641be3af5065,0.20,1.0,1.12,174.24,173.4,155.5,173.4
14237,e16ac8297e0c9facba6fccf3b2d3c4ff,0.26,1.01,1.15,29.11,29.510000000000005,25.570000000000004,29.510000000000005
14238,06827ddebf805a0a1465ce75d2d70d0a,0.46,1.03,0.91,81.25999999999999,83.66,92.16000000000001,83.66
14239,f5186b51cd031a504060547cf676c02e,0.36,1.0,0.8200000000000001,92.02000000000001,92.34,112.74,92.34
14240,15b218114636de47b85013fd05797371,0.37,1.02,1.07,57.480000000000004,58.480000000000004,54.7,58.480000000000004
14243,f6fb76291be97ac8106d5b8ba751e6b3,0.32,1.02,1.08,50.53,51.730000000000004,48.03,51.730000000000004
14244,05cab35437cbac2de53fe11b1710cc0c,0.33,0.95,1.05,22.07,20.87,19.970000000000002,20.87
14245,a106dd507de9d165e194af48a5ed96b7,0.20,1.34,1.34,1.49,1.99,1.49,1.99
14246,2136799b6847897d68b37583b12619d4,0.09,1.1400000000000001,1.04,7.29,8.29,7.99,8.29
14247,492fb1b2d5eb87641f85ea960bd98573,0.21,0.99,1.04,27.01,26.630000000000003,25.63,26.630000000000003
14248,ba134e84085c77be9dc5e7be5928a2f3,0.28,1.01,1.19,41.9,42.3,35.42,42.3
14249,c5ddeea2d036d7b33c04570fc2e58e67,0.50,1.16,1.01,23.85,27.55,27.150000000000002,27.55
14250,305e236ce2e171b261f8c3910bf7ac42,0.18,0.9299999999999999,0.9299999999999999,9.16,8.559999999999999,9.16,8.559999999999999
14251,b5300a5ed2b3b8c8b1145a59c042fe35,0.36,1.05,0.89,31.47,33.0,37.199999999999996,33.0
14252,22c96745628f899514efb7d14b1122c9,0.29,0.9299999999999999,0.75,20.15,18.65,24.950000000000003,18.65
14253,e62768bb23899c370b35e558e38c5fc7,0.33,1.0,0.84,6.38,6.38,7.58,6.38
14254,6505b8dde22d9981eaf59fa625b71257,0.26,0.94,1.03,21.939999999999998,20.64,20.04,20.64
14255,a4a6125c353f94632b9ade68885474e3,0.06,0.97,0.97,7.99,7.79,7.99,7.79
14256,eb9011c84c8bc2bf99c3a94f566f2732,0.06,0.6799999999999999,0.5700000000000001,14.69,9.99,17.39,9.99
14257,3eebff1dcb74314af2139d1be0253a49,0.21,1.23,1.23,9.850000000000001,12.149999999999999,9.850000000000001,12.149999999999999
14258,959408bad4e6779ba89a32b14cef42f8,0.42,1.16,0.98,45.32,52.62,53.720000000000006,52.62
14259,f153ee12b3117d1fae3785a7f1aeab3e,0.14,1.13,0.98,22.99,25.99,26.44,25.99
14260,f086028ced8f9db5590c6acf3abc46c0,0.13,1.04,0.86,11.68,12.18,14.18,12.18
14261,b9710e12c7ad2e3595671c36499c9128,0.15,0.9,0.9,10.68,9.58,10.68,9.58
14262,a9efa0cca5abff6df9bd636aab87f360,0.09,1.0,0.8200000000000001,6.99,6.99,8.49,6.99
14263,4433a47fe7582ae58716fa5fe729d212,0.33,0.99,0.87,45.540000000000006,45.14,52.13999999999999,45.14
14264,6c4d4d6c6537a1e78fde32e18eaa159c,0.24,1.03,1.01,43.77,45.27000000000001,44.77,45.27000000000001
14265,74d059a600fce5b3462b973cc9600fdb,0.40,0.91,0.77,40.040000000000006,36.440000000000005,47.04,36.440000000000005
14266,0cdb3dc05560eebf47496196da56a12f,0.12,0.99,0.96,13.169999999999998,13.07,13.569999999999999,13.07
14267,bda91865fffc746fec9ade20697b7100,0.39,1.02,0.87,43.589999999999996,44.43000000000001,51.129999999999995,44.43000000000001
14268,b4b6e20c93ca9c9d421029a23673c126,0.17,1.02,0.87,23.55,23.95,27.500000000000004,23.95
14269,24929c1e9c4dc5de16fc10c057568802,0.17,0.99,0.83,37.33,36.93,44.23,36.93
14270,e241d87838db4425bdddb757ad767d98,0.41,0.97,0.84,43.01,41.71,49.41,41.71
14271,23a83c0ad0a543481c9af4a464915cef,0.50,0.97,0.85,20.45,19.75,23.35,19.75
14272,36061d126123857c490a90dab43d51f4,0.40,0.98,1.44,43.96,43.16,29.96,43.16
14274,1e7123ae2a1c54d69b051ecd9d02de92,0.11,1.09,0.92,8.36,9.080000000000002,9.86,9.080000000000002
14275,0923a171eb797e2e51c01265065c1d28,1.00,0.86,0.75,13.99,11.99,16.09,11.99
14276,f8b7d5c050fe6c46094bab77960c8554,0.20,0.98,0.85,10.18,9.98,11.68,9.98
14277,dd3e058c4d7b3e4a1c63deda6cc43bad,0.20,1.19,1.0,11.07,13.17,13.169999999999998,13.17
14278,bed8fd52aae77e4d25226006e13123dd,0.05,1.0,0.81,4.69,4.69,5.79,4.69
14279,7421e7160a9e60dc9bb2d6ff2907c747,0.50,1.09,0.97,22.560000000000002,24.66,25.39,24.66
14280,b5ae34d21b822c2db9623fcca9881b9c,0.20,1.02,0.86,56.34000000000001,57.269999999999996,66.37,57.269999999999996
14281,b0159e7b7a3b01382740772046a75b34,0.20,1.03,0.86,22.270000000000003,22.87,26.67,22.87
14282,e1bb1db3e57db0d4d76923e927c01b9f,0.39,0.92,0.78,104.34,96.19,123.89,96.19
14283,3bf08888e1046cd4dc94918526dbeaad,0.71,1.1,0.9299999999999999,26.749999999999996,29.45,31.650000000000002,29.45
14284,49be82631a56d83b7800b0f10258ddb3,0.21,1.03,0.85,29.43,30.229999999999997,35.730000000000004,30.229999999999997
14285,efe4a0e7b0930ede0df9f1f1153cd3d7,0.25,0.92,0.75,9.98,9.18,12.280000000000001,9.18
14286,aab418ca289e2fefc9a0979fcaa709cf,0.19,0.95,0.85,62.709999999999994,59.61,70.11,59.61
14288,54985d3a4a520fa86dd0c4578f64df6f,0.53,0.97,0.98,80.5,78.10000000000001,79.7,78.10000000000001
14290,395c035478f0524b1d7986591ba5f91b,0.24,1.16,1.01,22.46,26.16,25.96,26.16
14291,0e5eb6376bf6989a1b494378331357f3,0.31,0.96,1.32,55.09000000000001,52.690000000000005,39.79,52.690000000000005
14293,c0cadff552438a45e1aacec7f8dd06a4,0.30,0.95,0.8200000000000001,21.529999999999998,20.54,25.14,20.54
14294,f432a28b51969969a22c503ce26ae2c4,0.29,1.04,0.88,55.49,57.67000000000001,65.17,57.67000000000001
14295,66d5538a475fe34b922523f77a53c869,0.20,1.05,1.19,11.55,12.15,10.23,12.15
14297,8d6b64029b3987fbf2a8193c76481bda,0.43,1.05,0.9,83.1,86.92,97.02,86.92
14298,b5b51fb7559d011cfef46e8eb505b498,0.20,1.01,0.87,63.59000000000001,64.49000000000001,73.99000000000001,64.49000000000001
14299,cecf2e8f81c062d3ece70f5e31e60b1c,0.21,1.09,1.05,10.85,11.850000000000001,11.25,11.850000000000001
14300,ab41e566409ee1dd64b29e4d1f3633c7,0.75,0.94,0.8200000000000001,29.270000000000003,27.369999999999997,33.57,27.369999999999997
14301,407ea568067e775144f98b6552da3af7,0.50,1.0,1.0,42.730000000000004,42.55,42.730000000000004,42.55
14303,ec755593948397d73bccd13a95eef559,0.38,0.91,1.35,61.04,55.44,41.04,55.44
14304,213099897acf28e1b3dfd86108ee2808,0.43,1.03,1.23,47.75,49.24999999999999,40.06,49.24999999999999
14306,e4d6a6b43813c46d875251aac6d8302d,0.29,1.06,0.9,206.86999999999998,218.99,242.12999999999997,218.99
14307,c57a25863ba025614e97da3bbec857e4,0.13,1.06,0.89,6.18,6.58,7.38,6.58
14308,d76474221a5c515a4ad95b5a497aa867,0.50,0.94,0.83,17.47,16.37,19.770000000000003,16.37
14309,51a0e6e17f72a5e95981a2cf298c9dfb,0.33,0.96,0.96,16.16,15.46,16.16,15.46
14311,0a6baafe3dec38ebb6dda70e93d0bc6e,0.14,1.16,1.3900000000000001,20.47,23.770000000000003,17.08,23.770000000000003
14312,71550566eabd317b72d6c2298604eebf,0.30,1.06,1.02,30.310000000000002,32.03,31.310000000000002,32.03
14313,dd99a81c1d9169441b0d2de2226d160b,0.18,1.02,1.09,25.049999999999997,25.65,23.45,25.65
14314,0a749129c45d9f846dabd77216466c6c,1.00,0.99,0.85,20.189999999999998,19.96,23.48,19.96
14315,75cc013ee34af33912b7cc9693fc06ee,0.26,1.03,0.89,23.939999999999998,24.64,27.640000000000004,24.64
14316,94e453a3ac34666a40d29b1f3143557d,0.30,1.03,0.89,64.09,65.79,74.04000000000002,65.79
14317,c692ed1c384733c754ee619923bac8b5,0.43,0.97,1.04,51.330000000000005,49.87,48.050000000000004,49.87
14318,1195daeb11c5036564ede81ca821e0c1,1.00,0.95,0.81,31.979999999999997,30.279999999999998,37.58,30.279999999999998
14319,f7a7d66096367c6254a1e4ebcdff5e1c,0.33,1.08,0.91,30.150000000000002,32.55,35.85,32.55
14320,c782eafffacb48a922a29909fd774b9d,0.11,0.87,0.72,4.47,3.87,5.37,3.87
14321,d44486fa92a86893650ddbc0310cdf16,0.22,0.94,0.94,18.98,17.88,18.98,17.88
14322,ae8da027e46e0ecd795307237856484e,0.21,1.01,1.29,81.75,82.55000000000001,63.760000000000005,82.55000000000001
14323,4266b89341a0344e1cb5ae651bb7ff35,0.35,1.01,1.16,43.65,44.25000000000001,38.15,44.25000000000001
14324,7998a5d8e6b3058ab4f86385ff1d03e5,0.27,1.02,0.88,13.75,14.05,15.95,14.05
14325,b403e4c942969b0f4d80b05e05f8568b,0.50,1.01,0.89,31.380000000000003,31.82,35.92,31.82
14327,1dc4408309e0699bee6a8990f5db1992,0.14,1.07,1.07,1.78,1.9,1.78,1.9
14328,07031f3b6d941da4f104d1afec64df43,0.22,0.99,1.0,74.58000000000001,74.18,74.48000000000002,74.18
14329,0fade3c769f2e62450c1242ca8524b56,0.60,1.06,0.85,13.280000000000001,14.05,16.55,14.05
14330,57772872e0e53e5a05c1000bc9212a87,0.56,1.06,0.87,29.5,31.369999999999997,36.07,31.369999999999997
14331,5cf6bc2ef1e0bea2fcfc59b6c529abf7,0.17,0.9299999999999999,0.78,7.68,7.18,9.18,7.18
14332,0c99fb68a034e4d87ee73c8f976272d0,0.17,0.84,0.97,10.68,8.98,9.280000000000001,8.98
14333,75b03059558a2ee0fff03efa7b663196,1.00,0.95,0.83,70.97,67.17,80.47,67.17
14334,fac480b0816cc235a9a387a6c14c929f,0.23,1.26,0.99,10.48,13.16,13.260000000000002,13.16
14335,bf8e5ef3a6b9ae12018e527245aa755e,0.33,1.01,1.09,22.35,22.65,20.75,22.65
14336,07d0b4985a205e973643fc874679d746,0.20,0.97,0.97,18.55,17.950000000000003,18.55,17.950000000000003
14337,d9622324b25994b288a1d71541c936ba,0.25,1.19,1.08,6.68,7.98,7.380000000000001,7.98
14338,c856af200608c56457ca4d7ad15b5065,0.43,1.02,0.83,17.48,17.77,21.37,17.77
14339,9b526d19c65f3e2400ccf6dcec1cccc7,0.33,0.97,0.86,29.530000000000005,28.53,33.33,28.53
14341,131fb28dd2e40d6ac9bb791785c80f5b,0.20,0.96,0.81,13.170000000000002,12.649999999999999,15.650000000000002,12.649999999999999
14343,d56ac682699396916f1d7ac0fbda16a5,0.17,1.0,1.0,16.49,16.49,16.49,16.49
14344,5dd6c4546e699fddad6272b69a5bae6c,0.21,0.99,1.04,31.03,30.63,29.43,30.63
14345,3732a050a0af248a712b1a7f33fc6c31,0.16,0.9,0.9,10.36,9.36,10.36,9.36
14346,e23f9fab2046b9a9b07974a26c695eef,0.18,1.11,0.95,13.69,15.17,15.969999999999999,15.17
14347,63209474bd36b16147dd41dd3a2405e3,0.33,1.1,0.95,41.61,45.910000000000004,48.21,45.910000000000004
14348,b7f2b8921ccf7157c72517e01cdae878,0.54,1.01,1.06,32.53,32.93,30.96,32.93
14349,4235bb1eda214d82d5c076003fd3f949,0.28,1.01,0.86,91.31,92.1,106.69999999999999,92.1
14350,aa8872f7de824bdb6d70cdca6ca7591e,0.50,1.01,1.05,43.14,43.44,41.44,43.44
14351,efd4bbc814f7edf930b05359f3a6fbbc,0.26,0.85,0.69,27.9,23.64,34.14,23.64
14352,705fc037543d2101a71c47f9880ec45f,0.13,0.83,0.69,2.99,2.49,3.59,2.49
14353,c4202b15af3a60fd7196197e75e23c0f,0.24,0.97,0.83,20.060000000000002,19.36,23.36,19.36
14354,c1f462be22b4b3c77935f73f3c08fd66,0.25,1.0,1.05,26.52,26.52,25.34,26.52
14355,1bf330616525e564b738641be3af5065,0.31,1.05,1.03,62.95,66.35000000000001,64.45,66.35000000000001
14356,7aa10d45a0c3f8a02478b81a4fc55b85,0.13,0.98,0.98,4.49,4.39,4.49,4.39
14357,d8fbff8b7aeb86346fe0339f4031ad31,0.38,0.99,1.0,97.35000000000001,96.55000000000001,96.85000000000001,96.55000000000001
14359,93520876314b3e4fe6d5de692e7f20f7,0.60,1.0,0.87,90.63,90.84,104.82000000000002,90.84
14360,417943c02a76210b93ba8c44e59b3503,0.17,1.04,0.89,26.88,27.979999999999997,31.580000000000002,27.979999999999997
14361,8a34107069668ab8518e627b126738fb,0.33,0.97,1.3,59.44,57.44,44.19,57.44
14362,1d8a6c3f752f3e83680dac74ca7b8ef9,0.10,1.24,1.45,47.9,59.5,41.1,59.5
14363,c149908715e741ebf04b4f4048906af1,0.14,1.0,0.84,2.59,2.59,3.09,2.59
14364,e700362a6adabdd30759ae7075b5d04f,0.38,1.13,0.96,24.67,27.77,28.97,27.77
14365,f830292e10d421feaba266a355a79eea,0.38,0.91,0.81,91.28000000000002,82.88000000000001,102.38000000000001,82.88000000000001
14366,acbd5c9b0bd78caa793c321464cb092b,0.45,1.0,0.84,22.15,22.15,26.25,22.15
14367,c87fb9c44350d7f04c231bb3fff41e0a,0.47,0.98,0.86,53.5,52.5,60.8,52.5
14368,8ce2019516a67423f07d8eefa67dd611,0.60,0.88,0.75,25.740000000000002,22.740000000000002,30.44,22.740000000000002
14369,fc263a235b51ca39a7052c9f10074b94,0.32,0.97,0.85,102.78999999999999,99.58,117.67999999999999,99.58
14370,60c3474cd986a02318ed9001cf6f8eb7,0.35,1.02,0.86,61.0,62.2,72.6,62.2
14371,9ba0afc228bd6a026fd542c95af0e739,0.38,1.1,0.95,19.36,21.349999999999998,22.450000000000003,21.349999999999998
14372,0b348a211746b60d66ca98dbc0a1ec48,0.25,1.0,1.0,23.24,23.34,23.24,23.34
14373,8a34107069668ab8518e627b126738fb,0.60,0.96,1.02,48.47,46.47,45.47,46.47
14375,f90bc2e9d5a63c11031739cfe5072bc2,0.50,0.95,0.95,8.39,7.99,8.39,7.99
14376,23387704d380b4459504cb2591fffbe0,0.04,1.15,0.94,5.49,6.29,6.69,6.29
14377,c5b64153828d6df8d16f83b379470376,0.47,1.04,0.91,76.71000000000001,80.11,88.21000000000001,80.11
14378,e1650772cf61d6dd4a1cf114d2290e22,0.60,1.02,0.86,20.97,21.369999999999997,24.869999999999997,21.369999999999997
14379,3edf324608ee3c8533976b3883f76e03,0.29,1.05,1.52,58.940000000000005,62.13999999999999,40.940000000000005,62.13999999999999
14380,e638339d11c795f87bb5e43684a9ea6c,0.26,1.12,0.97,143.13,159.89,164.49,159.89
14381,6e61d5a09ff8f0692026d63a17a62cfe,0.57,1.1,0.97,45.85,50.65,52.15,50.65
14382,2d05fd0f5a9dc691dc73f0cf3510072f,0.27,0.97,1.15,44.730000000000004,43.33,37.730000000000004,43.33
14383,e23f9fab2046b9a9b07974a26c695eef,1.00,1.09,0.94,33.0,35.94,38.339999999999996,35.94
14384,717036cc9e2da4601a6b22b63c84bb97,0.39,1.05,0.91,50.55000000000001,53.230000000000004,58.53,53.230000000000004
14385,5dcf2d22f1e5ea53dd7b22fc008a9998,0.15,0.95,0.78,19.48,18.48,23.78,18.48
14386,7fff90a96b80372d5deac88ab92dbdcc,0.23,1.09,0.88,13.97,15.270000000000001,17.27,15.270000000000001
14387,a3af46c3139c3cd4449a6497354aa2fa,0.08,0.91,0.77,3.29,2.99,3.89,2.99
14389,d1092bb1f0a4f452ab5229d7b08fc6bd,0.08,0.99,0.83,6.79,6.69,8.09,6.69
14390,25e7e989c39012441538f19bca48b999,0.39,0.99,0.86,104.17,102.86,119.36000000000001,102.86
14391,ab0523d34397eebeedc91b71d1ac4ae7,0.13,0.97,0.83,11.870000000000001,11.469999999999999,13.87,11.469999999999999
14392,5b3924c562af6716523b40fdab2dbda8,0.38,0.94,0.79,72.4,68.39999999999999,86.7,68.39999999999999
14393,40b95913ef6bfba601440dd67cbc9d76,0.31,1.09,1.17,46.760000000000005,50.86,43.510000000000005,50.86
14394,e8327f0fd0b2c71a0f75221f52d02ece,0.45,1.04,0.87,19.09,19.85,22.75,19.85
14395,708574563b03aa6ca6bbcb6ae8b86343,0.43,0.96,0.79,57.629999999999995,55.53,70.53,55.53
